sponsor_name,n,bank_id
"Westervelt Ecological Services, Western Region",70,2637
"Westervelt Ecological Services, Western Region",70,4732
"Westervelt Ecological Services, Western Region",70,3201
"Westervelt Ecological Services, Western Region",70,1686
"Westervelt Ecological Services, Western Region",70,6600
"Westervelt Ecological Services, Western Region",70,6559
"Westervelt Ecological Services, Western Region",70,374
"Westervelt Ecological Services, Western Region",70,1446
"Westervelt Ecological Services, Western Region",70,3447
"Westervelt Ecological Services, Western Region",70,5768
"Westervelt Ecological Services, Western Region",70,7075
"Westervelt Ecological Services, Western Region",70,437
"Westervelt Ecological Services, Western Region",70,2160
"Westervelt Ecological Services, Western Region",70,5907
"Westervelt Ecological Services, Western Region",70,2492
"Westervelt Ecological Services, Western Region",70,5150
"Westervelt Ecological Services, Western Region",70,436
"Westervelt Ecological Services, Western Region",70,4924
"Westervelt Ecological Services, Western Region",70,5534
"Westervelt Ecological Services, Western Region",70,6367
WI Department of Transportation - Waukesha,66,1285
WI Department of Transportation - Waukesha,66,1299
WI Department of Transportation - Waukesha,66,1274
WI Department of Transportation - Waukesha,66,1288
WI Department of Transportation - Waukesha,66,956
WI Department of Transportation - Waukesha,66,1280
WI Department of Transportation - Waukesha,66,1279
WI Department of Transportation - Waukesha,66,997
WI Department of Transportation - Waukesha,66,996
WI Department of Transportation - Waukesha,66,1001
WI Department of Transportation - Waukesha,66,971
WI Department of Transportation - Waukesha,66,999
WI Department of Transportation - Waukesha,66,1286
WI Dept. of Transportation - Superior,65,951
WI Dept. of Transportation - Superior,65,975
WI Dept. of Transportation - Superior,65,1023
WI Dept. of Transportation - Superior,65,1301
WI Dept. of Transportation - Superior,65,960
WI Dept. of Transportation - Superior,65,977
WI Dept. of Transportation - Superior,65,1256
WI Dept. of Transportation - Superior,65,1255
WI Dept. of Transportation - Superior,65,970
WI Dept. of Transportation - Superior,65,969
WI Dept. of Transportation - Superior,65,957
WI Dept. of Transportation - Superior,65,1359
WI Dept. of Transportation - Superior,65,1013
"Environmental Banc & Exchange, LLC",56,2966
"Environmental Banc & Exchange, LLC",56,888
"Environmental Banc & Exchange, LLC",56,4626
"Environmental Banc & Exchange, LLC",56,4625
"Environmental Banc & Exchange, LLC",56,6178
"Environmental Banc & Exchange, LLC",56,5771
"Environmental Banc & Exchange, LLC",56,5973
"Environmental Banc & Exchange, LLC",56,5100
"Environmental Banc & Exchange, LLC",56,4616
"Environmental Banc & Exchange, LLC",56,5135
"Environmental Banc & Exchange, LLC",56,4581
"Environmental Banc & Exchange, LLC",56,4913
"Environmental Banc & Exchange, LLC",56,4455
"Environmental Banc & Exchange, LLC",56,4911
"Environmental Banc & Exchange, LLC",56,4910
"Environmental Banc & Exchange, LLC",56,4912
"Environmental Banc & Exchange, LLC",56,7034
"Environmental Banc & Exchange, LLC",56,6316
"Environmental Banc & Exchange, LLC",56,5159
"Environmental Banc & Exchange, LLC",56,5158
"Environmental Banc & Exchange, LLC",56,4728
"Environmental Banc & Exchange, LLC",56,4725
"Environmental Banc & Exchange, LLC",56,4724
"Environmental Banc & Exchange, LLC",56,4726
"Environmental Banc & Exchange, LLC",56,4727
"Environmental Banc & Exchange, LLC",56,6277
"Environmental Banc & Exchange, LLC",56,4960
Water and Land Solutions,56,4534
Water and Land Solutions,56,7162
Water and Land Solutions,56,5720
Water and Land Solutions,56,3634
Water and Land Solutions,56,6571
Water and Land Solutions,56,6005
Water and Land Solutions,56,5461
Water and Land Solutions,56,6696
Water and Land Solutions,56,6634
Water and Land Solutions,56,6191
Water and Land Solutions,56,5790
Water and Land Solutions,56,3506
Water and Land Solutions,56,4532
Water and Land Solutions,56,6706
Water and Land Solutions,56,4533
Water and Land Solutions,56,6590
Water and Land Solutions,56,5933
Water and Land Solutions,56,4396
Water and Land Solutions,56,6858
Water and Land Solutions,56,6090
Water and Land Solutions,56,6949
Water and Land Solutions,56,6948
Water and Land Solutions,56,5708
Water and Land Solutions,56,4323
"Naturion West, LLC",41,6951
"Naturion West, LLC",41,3517
"Naturion West, LLC",41,6815
"Naturion West, LLC",41,6847
"Naturion West, LLC",41,5501
"Naturion West, LLC",41,6986
"Naturion West, LLC",41,6127
"Naturion West, LLC",41,5853
"Naturion West, LLC",41,6187
"Naturion West, LLC",41,5930
"Naturion West, LLC",41,6707
"Naturion West, LLC",41,6485
"Naturion West, LLC",41,6791
"Naturion West, LLC",41,5744
"Naturion West, LLC",41,6459
"Naturion West, LLC",41,6243
"Naturion West, LLC",41,6460
"Naturion West, LLC",41,6682
"Naturion West, LLC",41,6434
"Naturion West, LLC",41,6244
"Naturion West, LLC",41,2048
"Naturion West, LLC",41,6099
"Naturion West, LLC",41,6450
"Naturion West, LLC",41,7002
"EBX-Neuse I, LLC",40,3485
"EBX-Neuse I, LLC",40,4412
"EBX-Neuse I, LLC",40,3527
"EBX-Neuse I, LLC",40,1070
"EBX-Neuse I, LLC",40,3399
"EBX-Neuse I, LLC",40,2856
"EBX-Neuse I, LLC",40,4413
"EBX-Neuse I, LLC",40,2851
"EBX-Neuse I, LLC",40,2861
"EBX-Neuse I, LLC",40,4414
"EBX-Neuse I, LLC",40,4415
"EBX-Neuse I, LLC",40,4416
"EBX-Neuse I, LLC",40,3520
"EBX-Neuse I, LLC",40,4530
"EBX-Neuse I, LLC",40,4508
"EBX-Neuse I, LLC",40,2863
"EBX-Neuse I, LLC",40,2864
"EBX-Neuse I, LLC",40,5913
"EBX-Neuse I, LLC",40,4417
"EBX-Neuse I, LLC",40,6315
Weyerhaeuser NR Company,40,1077
Weyerhaeuser NR Company,40,1078
Weyerhaeuser NR Company,40,712
Weyerhaeuser NR Company,40,3206
Weyerhaeuser NR Company,40,1237
Weyerhaeuser NR Company,40,1074
Weyerhaeuser NR Company,40,5293
Weyerhaeuser NR Company,40,5301
Weyerhaeuser NR Company,40,5302
Weyerhaeuser NR Company,40,5300
Weyerhaeuser NR Company,40,5303
Weyerhaeuser NR Company,40,5304
Weyerhaeuser NR Company,40,4802
Weyerhaeuser NR Company,40,4504
Weyerhaeuser NR Company,40,5508
Weyerhaeuser NR Company,40,5340
Weyerhaeuser NR Company,40,6100
Weyerhaeuser NR Company,40,263
Weyerhaeuser NR Company,40,2435
Weyerhaeuser NR Company,40,6667
Weyerhaeuser NR Company,40,1866
Weyerhaeuser NR Company,40,6668
Weyerhaeuser NR Company,40,1995
Wisconsin Department of Transportation,39,6984
Wisconsin Department of Transportation,39,6978
Wisconsin Department of Transportation,39,2748
Wisconsin Department of Transportation,39,2951
Wisconsin Department of Transportation,39,2771
Wisconsin Department of Transportation,39,3453
Wisconsin Department of Transportation,39,2759
Wisconsin Department of Transportation,39,1586
Wisconsin Department of Transportation,39,7315
Tennessee Stream Mitigation Program (TSMP),38,3621
Tennessee Stream Mitigation Program (TSMP),38,3612
Tennessee Stream Mitigation Program (TSMP),38,4692
Tennessee Stream Mitigation Program (TSMP),38,3151
Tennessee Stream Mitigation Program (TSMP),38,3622
Tennessee Stream Mitigation Program (TSMP),38,3603
Tennessee Stream Mitigation Program (TSMP),38,4865
Tennessee Stream Mitigation Program (TSMP),38,3617
Tennessee Stream Mitigation Program (TSMP),38,3614
Tennessee Stream Mitigation Program (TSMP),38,3613
Tennessee Stream Mitigation Program (TSMP),38,4915
Tennessee Stream Mitigation Program (TSMP),38,3591
Tennessee Stream Mitigation Program (TSMP),38,3611
Tennessee Stream Mitigation Program (TSMP),38,5320
Tennessee Stream Mitigation Program (TSMP),38,3615
Tennessee Stream Mitigation Program (TSMP),38,3623
Tennessee Stream Mitigation Program (TSMP),38,3609
Tennessee Stream Mitigation Program (TSMP),38,3610
Tennessee Stream Mitigation Program (TSMP),38,3601
Tennessee Stream Mitigation Program (TSMP),38,3608
Tennessee Stream Mitigation Program (TSMP),38,3624
Tennessee Stream Mitigation Program (TSMP),38,3599
Tennessee Stream Mitigation Program (TSMP),38,3590
Tennessee Stream Mitigation Program (TSMP),38,3607
Tennessee Stream Mitigation Program (TSMP),38,5068
Tennessee Stream Mitigation Program (TSMP),38,3602
Tennessee Stream Mitigation Program (TSMP),38,3616
Tennessee Stream Mitigation Program (TSMP),38,3605
Tennessee Stream Mitigation Program (TSMP),38,3625
Tennessee Stream Mitigation Program (TSMP),38,3606
Tennessee Stream Mitigation Program (TSMP),38,3604
Tennessee Stream Mitigation Program (TSMP),38,5075
Tennessee Stream Mitigation Program (TSMP),38,3600
"Restoration Systems, LLC",37,3345
"Restoration Systems, LLC",37,3347
"Restoration Systems, LLC",37,3343
"Restoration Systems, LLC",37,3350
"Restoration Systems, LLC",37,3346
"Restoration Systems, LLC",37,3348
"Restoration Systems, LLC",37,3349
"Restoration Systems, LLC",37,3351
"Restoration Systems, LLC",37,6294
"Restoration Systems, LLC",37,6293
"Restoration Systems, LLC",37,6291
"Restoration Systems, LLC",37,4656
"Restoration Systems, LLC",37,4584
"Restoration Systems, LLC",37,6179
"Restoration Systems, LLC",37,5527
"Restoration Systems, LLC",37,5256
"Restoration Systems, LLC",37,4733
"Restoration Systems, LLC",37,4779
"Restoration Systems, LLC",37,4781
"Restoration Systems, LLC",37,4780
"Restoration Systems, LLC",37,4782
"Restoration Systems, LLC",37,4783
"EIP III Credit Co., LLC",36,5379
"EIP III Credit Co., LLC",36,4517
"EIP III Credit Co., LLC",36,2349
"EIP III Credit Co., LLC",36,3642
"EIP III Credit Co., LLC",36,4741
"EIP III Credit Co., LLC",36,4369
"EIP III Credit Co., LLC",36,4738
"EIP III Credit Co., LLC",36,4410
"EIP III Credit Co., LLC",36,3303
"EIP III Credit Co., LLC",36,5988
"EIP III Credit Co., LLC",36,4952
"EIP III Credit Co., LLC",36,4592
"EIP III Credit Co., LLC",36,5987
"EIP III Credit Co., LLC",36,3195
"EIP III Credit Co., LLC",36,4518
"EIP III Credit Co., LLC",36,3291
"EIP III Credit Co., LLC",36,4572
"EIP III Credit Co., LLC",36,2989
"EIP III Credit Co., LLC",36,3460
"EIP III Credit Co., LLC",36,4344
"EIP III Credit Co., LLC",36,6497
"EIP III Credit Co., LLC",36,4519
"EIP III Credit Co., LLC",36,5743
"EIP III Credit Co., LLC",36,2579
"EIP III Credit Co., LLC",36,3212
"EIP III Credit Co., LLC",36,5412
"EIP III Credit Co., LLC",36,4950
WI Department of Transportation - GB,35,982
WI Department of Transportation - GB,35,1000
WI Department of Transportation - GB,35,950
WI Department of Transportation - GB,35,966
WI Department of Transportation - GB,35,1079
WI Department of Transportation - GB,35,967
WI Department of Transportation - GB,35,980
"Delta Land Services, LLC",30,5773
"Delta Land Services, LLC",30,6264
"Delta Land Services, LLC",30,7143
"Delta Land Services, LLC",30,6852
"Delta Land Services, LLC",30,5816
"Delta Land Services, LLC",30,6131
"Delta Land Services, LLC",30,4603
"Delta Land Services, LLC",30,3466
"Delta Land Services, LLC",30,3430
"Delta Land Services, LLC",30,5817
"Delta Land Services, LLC",30,6133
"Delta Land Services, LLC",30,7168
"Delta Land Services, LLC",30,2238
"Delta Land Services, LLC",30,2935
"Delta Land Services, LLC",30,5781
"Delta Land Services, LLC",30,1758
"Delta Land Services, LLC",30,5899
"Delta Land Services, LLC",30,5963
"Delta Land Services, LLC",30,2057
"Delta Land Services, LLC",30,5668
"Delta Land Services, LLC",30,4388
"Delta Land Services, LLC",30,6477
"Delta Land Services, LLC",30,4300
WI Department of Transportation - EC,30,1264
WI Department of Transportation - EC,30,976
WI Department of Transportation - EC,30,952
WI Department of Transportation - EC,30,959
WI Department of Transportation - EC,30,1748
WI Department of Transportation - EC,30,1289
WI Department of Transportation - LAX,30,948
WI Department of Transportation - LAX,30,3156
WI Department of Transportation - LAX,30,965
WI Department of Transportation - LAX,30,1265
WI Department of Transportation - LAX,30,983
WI Department of Transportation - LAX,30,1269
WI Department of Transportation - WR,30,949
WI Department of Transportation - WR,30,1770
WI Department of Transportation - WR,30,978
WI Department of Transportation - WR,30,979
WI Department of Transportation - WR,30,954
WI Department of Transportation - WR,30,955
"EIP Credit Co., LLC",29,3046
"EIP Credit Co., LLC",29,6159
"EIP Credit Co., LLC",29,6158
"EIP Credit Co., LLC",29,3020
"EIP Credit Co., LLC",29,3021
"EIP Credit Co., LLC",29,3476
"EIP Credit Co., LLC",29,2746
"EIP Credit Co., LLC",29,6160
"EIP Credit Co., LLC",29,3045
"EIP Credit Co., LLC",29,7112
"EIP Credit Co., LLC",29,2002
"EIP Credit Co., LLC",29,6015
"EIP Credit Co., LLC",29,7044
"EIP Credit Co., LLC",29,7045
"EIP Credit Co., LLC",29,6588
"EIP Credit Co., LLC",29,1742
"EIP Credit Co., LLC",29,6635
"EIP Credit Co., LLC",29,2674
"EIP Credit Co., LLC",29,3047
"EIP Credit Co., LLC",29,2998
"EIP Credit Co., LLC",29,256
"EIP Credit Co., LLC",29,274
"EIP Credit Co., LLC",29,233
"EIP Credit Co., LLC",29,2756
"Wildlands Engineering, Inc.",28,4458
"Wildlands Engineering, Inc.",28,4457
"Wildlands Engineering, Inc.",28,4456
"Wildlands Engineering, Inc.",28,6042
"Wildlands Engineering, Inc.",28,6041
"Wildlands Engineering, Inc.",28,6737
"Wildlands Engineering, Inc.",28,6738
"Wildlands Engineering, Inc.",28,4583
"Wildlands Engineering, Inc.",28,4582
"Wildlands Engineering, Inc.",28,4287
"Wildlands Engineering, Inc.",28,6685
"Wildlands Engineering, Inc.",28,6704
"Wildlands Engineering, Inc.",28,5162
"Wildlands Engineering, Inc.",28,4770
"Wildlands Engineering, Inc.",28,6455
"Wildlands Engineering, Inc.",28,5160
"Wildlands Engineering, Inc.",28,7273
"Wildlands Engineering, Inc.",28,6103
"Wildlands Engineering, Inc.",28,6236
"Wildlands Engineering, Inc.",28,4784
"Wildlands Engineering, Inc.",28,4785
"Wildlands Engineering, Inc.",28,4786
"Wildlands Engineering, Inc.",28,4787
"Swallow Tail, LLC",25,2772
"Swallow Tail, LLC",25,6880
"Swallow Tail, LLC",25,4312
"Swallow Tail, LLC",25,4879
"Swallow Tail, LLC",25,2716
"Swallow Tail, LLC",25,3078
"Swallow Tail, LLC",25,3639
"Swallow Tail, LLC",25,5475
"Swallow Tail, LLC",25,3504
"Swallow Tail, LLC",25,4610
"Swallow Tail, LLC",25,5005
"Swallow Tail, LLC",25,5008
"Swallow Tail, LLC",25,5065
"Swallow Tail, LLC",25,5088
"Swallow Tail, LLC",25,4997
"Swallow Tail, LLC",25,3598
"Swallow Tail, LLC",25,5063
"Swallow Tail, LLC",25,3487
"Swallow Tail, LLC",25,6701
"Swallow Tail, LLC",25,379
"Swallow Tail, LLC",25,6190
"Swallow Tail, LLC",25,5023
"Swallow Tail, LLC",25,3207
"Swallow Tail, LLC",25,876
"Swallow Tail, LLC",25,3496
"Davey Mitigation c/o Davey Resource Group, Inc.",24,7259
"Davey Mitigation c/o Davey Resource Group, Inc.",24,7031
"Davey Mitigation c/o Davey Resource Group, Inc.",24,6956
"Davey Mitigation c/o Davey Resource Group, Inc.",24,6957
"Davey Mitigation c/o Davey Resource Group, Inc.",24,7221
"Davey Mitigation c/o Davey Resource Group, Inc.",24,6344
"Davey Mitigation c/o Davey Resource Group, Inc.",24,5289
"Davey Mitigation c/o Davey Resource Group, Inc.",24,6413
"Davey Mitigation c/o Davey Resource Group, Inc.",24,6690
"Davey Mitigation c/o Davey Resource Group, Inc.",24,6577
"Davey Mitigation c/o Davey Resource Group, Inc.",24,7244
"Davey Mitigation c/o Davey Resource Group, Inc.",24,6711
"Davey Mitigation c/o Davey Resource Group, Inc.",24,6583
"Davey Mitigation c/o Davey Resource Group, Inc.",24,6414
"Davey Mitigation c/o Davey Resource Group, Inc.",24,6977
Charlotte-Mecklenburg Storm Water Services,23,2441
Charlotte-Mecklenburg Storm Water Services,23,2445
Charlotte-Mecklenburg Storm Water Services,23,4844
Charlotte-Mecklenburg Storm Water Services,23,3093
Charlotte-Mecklenburg Storm Water Services,23,3546
Charlotte-Mecklenburg Storm Water Services,23,2443
Charlotte-Mecklenburg Storm Water Services,23,2051
Charlotte-Mecklenburg Storm Water Services,23,1053
Charlotte-Mecklenburg Storm Water Services,23,2440
Charlotte-Mecklenburg Storm Water Services,23,7090
Charlotte-Mecklenburg Storm Water Services,23,2436
Charlotte-Mecklenburg Storm Water Services,23,6097
Charlotte-Mecklenburg Storm Water Services,23,3075
Charlotte-Mecklenburg Storm Water Services,23,4843
Charlotte-Mecklenburg Storm Water Services,23,2442
Charlotte-Mecklenburg Storm Water Services,23,2439
Charlotte-Mecklenburg Storm Water Services,23,6407
Charlotte-Mecklenburg Storm Water Services,23,3547
Charlotte-Mecklenburg Storm Water Services,23,3088
Charlotte-Mecklenburg Storm Water Services,23,2444
Charlotte-Mecklenburg Storm Water Services,23,2438
Charlotte-Mecklenburg Storm Water Services,23,2446
"Westervelt Ecological Services, Southeast Region",23,1712
"Westervelt Ecological Services, Southeast Region",23,5578
"Westervelt Ecological Services, Southeast Region",23,2111
"Westervelt Ecological Services, Southeast Region",23,3289
"Westervelt Ecological Services, Southeast Region",23,6538
"Westervelt Ecological Services, Southeast Region",23,6671
"Westervelt Ecological Services, Southeast Region",23,4883
"Westervelt Ecological Services, Southeast Region",23,6364
"Westervelt Ecological Services, Southeast Region",23,2103
"Westervelt Ecological Services, Southeast Region",23,783
"Westervelt Ecological Services, Southeast Region",23,4282
"Westervelt Ecological Services, Southeast Region",23,2142
"Wildlands, Inc.",22,4790
"Wildlands, Inc.",22,70
"Wildlands, Inc.",22,62
"Wildlands, Inc.",22,73
"Wildlands, Inc.",22,3556
"Wildlands, Inc.",22,154
"Wildlands, Inc.",22,2068
"Wildlands, Inc.",22,2161
"Wildlands, Inc.",22,140
"Wildlands, Inc.",22,5888
"Wildlands, Inc.",22,2495
"Wildlands, Inc.",22,1209
Georgia Department of Transportation,21,1488
Georgia Department of Transportation,21,2174
Georgia Department of Transportation,21,2171
Georgia Department of Transportation,21,1185
Georgia Department of Transportation,21,3468
Georgia Department of Transportation,21,1486
Georgia Department of Transportation,21,2170
Georgia Department of Transportation,21,1487
Georgia Department of Transportation,21,3469
Georgia Department of Transportation,21,1485
Georgia Department of Transportation,21,2172
Georgia Department of Transportation,21,2789
Georgia Department of Transportation,21,2788
Georgia Department of Transportation,21,2179
Georgia Department of Transportation,21,2175
Georgia Department of Transportation,21,2169
Georgia Department of Transportation,21,2173
Georgia Department of Transportation,21,2176
Georgia Department of Transportation,21,2178
Georgia Department of Transportation,21,2580
Georgia Department of Transportation,21,1183
"Wildlands, Inc. c/o Domain Capital Group",21,2497
"Wildlands, Inc. c/o Domain Capital Group",21,2074
"Wildlands, Inc. c/o Domain Capital Group",21,60
"Wildlands, Inc. c/o Domain Capital Group",21,2504
"Wildlands, Inc. c/o Domain Capital Group",21,79
"Wildlands, Inc. c/o Domain Capital Group",21,2505
"Wildlands, Inc. c/o Domain Capital Group",21,4840
"Wildlands, Inc. c/o Domain Capital Group",21,1449
"Wildlands, Inc. c/o Domain Capital Group",21,2073
"Wildlands, Inc. c/o Domain Capital Group",21,2945
"Wildlands, Inc. c/o Domain Capital Group",21,2496
New Hampshire Department of Environmental Services,20,2314
New Hampshire Department of Environmental Services,20,2185
New Hampshire Department of Environmental Services,20,3335
New Hampshire Department of Environmental Services,20,3333
New Hampshire Department of Environmental Services,20,3332
New Hampshire Department of Environmental Services,20,3334
New Hampshire Department of Environmental Services,20,3327
New Hampshire Department of Environmental Services,20,3328
New Hampshire Department of Environmental Services,20,3330
New Hampshire Department of Environmental Services,20,3331
EBX-Resource Environmental Solutions,19,6280
EBX-Resource Environmental Solutions,19,6226
EBX-Resource Environmental Solutions,19,6591
EBX-Resource Environmental Solutions,19,7166
EBX-Resource Environmental Solutions,19,5351
EBX-Resource Environmental Solutions,19,5039
"Evergreen Environmental, LLC",19,555
"Evergreen Environmental, LLC",19,2032
"Evergreen Environmental, LLC",19,3444
"Evergreen Environmental, LLC",19,2354
"Evergreen Environmental, LLC",19,6971
"Evergreen Environmental, LLC",19,7046
"Evergreen Environmental, LLC",19,1999
"Evergreen Environmental, LLC",19,7042
"Evergreen Environmental, LLC",19,3287
"Evergreen Environmental, LLC",19,569
"Evergreen Environmental, LLC",19,1983
"Evergreen Environmental, LLC",19,654
"Evergreen Environmental, LLC",19,580
"Evergreen Environmental, LLC",19,613
"Evergreen Environmental, LLC",19,542
"Southern States Land and Timber, LLC",19,5573
"Southern States Land and Timber, LLC",19,3572
"Southern States Land and Timber, LLC",19,5448
"Southern States Land and Timber, LLC",19,4338
"Southern States Land and Timber, LLC",19,5049
"Southern States Land and Timber, LLC",19,1471
"Southern States Land and Timber, LLC",19,4363
"Southern States Land and Timber, LLC",19,6411
Ducks Unlimited - Great Plains Region,18,6872
Ducks Unlimited - Great Plains Region,18,6811
Ducks Unlimited - Great Plains Region,18,6548
Ducks Unlimited - Great Plains Region,18,6663
Ducks Unlimited - Great Plains Region,18,6816
Ducks Unlimited - Great Plains Region,18,6666
Ducks Unlimited - Great Plains Region,18,5542
Ducks Unlimited - Great Plains Region,18,5602
Ducks Unlimited - Great Plains Region,18,7082
Ducks Unlimited - Great Plains Region,18,6859
Ducks Unlimited - Great Plains Region,18,6270
"First Pennsylvania Resource, LLC",18,5267
"First Pennsylvania Resource, LLC",18,5284
"First Pennsylvania Resource, LLC",18,3138
"First Pennsylvania Resource, LLC",18,2857
"First Pennsylvania Resource, LLC",18,5266
Nebraska Department of Transportation,18,841
Nebraska Department of Transportation,18,835
Nebraska Department of Transportation,18,830
Nebraska Department of Transportation,18,838
Nebraska Department of Transportation,18,833
Nebraska Department of Transportation,18,837
Nebraska Department of Transportation,18,834
Nebraska Department of Transportation,18,4579
Nebraska Department of Transportation,18,5959
Nebraska Department of Transportation,18,843
Nebraska Department of Transportation,18,845
Nebraska Department of Transportation,18,840
Nebraska Department of Transportation,18,832
Nebraska Department of Transportation,18,839
Nebraska Department of Transportation,18,831
Nebraska Department of Transportation,18,836
Nebraska Department of Transportation,18,842
Nebraska Department of Transportation,18,829
"Naturion East, LLC",17,6958
"Naturion East, LLC",17,6406
"Naturion East, LLC",17,6091
"Naturion East, LLC",17,7140
"Naturion East, LLC",17,6483
"Naturion East, LLC",17,7279
"Naturion East, LLC",17,5824
"RES, LLC",17,6115
"RES, LLC",17,5191
"RES, LLC",17,5122
"RES, LLC",17,5258
"RES, LLC",17,4940
"Tetonka, LLP",17,5680
"Tetonka, LLP",17,6677
"Tetonka, LLP",17,4622
"Tetonka, LLP",17,4348
"Tetonka, LLP",17,6643
"Tetonka, LLP",17,7110
"Tetonka, LLP",17,856
"Tetonka, LLP",17,857
"Tetonka, LLP",17,6991
Virginia Department of Transportation,16,589
Virginia Department of Transportation,16,590
Virginia Department of Transportation,16,591
Virginia Department of Transportation,16,592
Virginia Department of Transportation,16,593
Virginia Department of Transportation,16,594
Virginia Department of Transportation,16,6265
Virginia Department of Transportation,16,6795
Virginia Department of Transportation,16,6796
Virginia Department of Transportation,16,6797
Virginia Department of Transportation,16,6798
WI Department of Transportation - MAD,16,1267
WI Department of Transportation - MAD,16,981
WI Department of Transportation - MAD,16,961
EBX - Resource Environmental Solutions,14,3011
EBX - Resource Environmental Solutions,14,5292
EBX - Resource Environmental Solutions,14,5018
EBX - Resource Environmental Solutions,14,5460
EBX - Resource Environmental Solutions,14,3249
Kentucky Department of Fish & Wildlife Resources,14,7247
Kentucky Department of Fish & Wildlife Resources,14,4698
Kentucky Department of Fish & Wildlife Resources,14,3217
Kentucky Department of Fish & Wildlife Resources,14,5892
Kentucky Department of Fish & Wildlife Resources,14,6973
Kentucky Department of Fish & Wildlife Resources,14,5477
Kentucky Department of Fish & Wildlife Resources,14,5758
Kentucky Department of Fish & Wildlife Resources,14,5895
Alabama Department of Transportation2,13,1450
Alabama Department of Transportation2,13,1755
Alabama Department of Transportation2,13,746
Alabama Department of Transportation2,13,1797
Alabama Department of Transportation2,13,4513
Alabama Department of Transportation2,13,5712
"CreekBankers, Inc.",13,2554
"CreekBankers, Inc.",13,2555
"CreekBankers, Inc.",13,2556
"CreekBankers, Inc.",13,2557
"CreekBankers, Inc.",13,1736
"CreekBankers, Inc.",13,1735
"CreekBankers, Inc.",13,1737
"CreekBankers, Inc.",13,4938
"CreekBankers, Inc.",13,1734
"CreekBankers, Inc.",13,2553
"CreekBankers, Inc.",13,5370
"CreekBankers, Inc.",13,4374
"Davey Resource Group, Inc. dba Davey Mitigation",13,6051
"Davey Resource Group, Inc. dba Davey Mitigation",13,6453
"Davey Resource Group, Inc. dba Davey Mitigation",13,5990
"Davey Resource Group, Inc. dba Davey Mitigation",13,6691
"Davey Resource Group, Inc. dba Davey Mitigation",13,6183
Kentucky Transportation Cabinet,13,1850
Kentucky Transportation Cabinet,13,1137
Kentucky Transportation Cabinet,13,992
Kentucky Transportation Cabinet,13,988
Kentucky Transportation Cabinet,13,3392
Kentucky Transportation Cabinet,13,993
Kentucky Transportation Cabinet,13,986
Kentucky Transportation Cabinet,13,2994
Kentucky Transportation Cabinet,13,2027
Kentucky Transportation Cabinet,13,994
Kentucky Transportation Cabinet,13,3636
Kentucky Transportation Cabinet,13,1815
Kentucky Transportation Cabinet,13,2192
National Fish and Wildlife Foundation,13,5322
National Fish and Wildlife Foundation,13,6368
National Fish and Wildlife Foundation,13,5189
National Fish and Wildlife Foundation,13,5032
National Fish and Wildlife Foundation,13,6207
Pennsylvania Department of Transportation - Bureau of Project Delivery,13,1154
Pennsylvania Department of Transportation - Bureau of Project Delivery,13,6285
Pennsylvania Department of Transportation - Bureau of Project Delivery,13,1156
Pennsylvania Department of Transportation - Bureau of Project Delivery,13,1157
Pennsylvania Department of Transportation - Bureau of Project Delivery,13,1167
Pennsylvania Department of Transportation - Bureau of Project Delivery,13,3157
Restoration Systems LLC,13,1062
Restoration Systems LLC,13,4264
Restoration Systems LLC,13,2250
Restoration Systems LLC,13,1059
Restoration Systems LLC,13,1052
Restoration Systems LLC,13,1051
Restoration Systems LLC,13,1057
Restoration Systems LLC,13,4994
Restoration Systems LLC,13,2479
Restoration Systems LLC,13,1061
"Water and Land Solutions, LLC",13,6750
"Water and Land Solutions, LLC",13,6873
"Water and Land Solutions, LLC",13,6637
"Water and Land Solutions, LLC",13,6375
"Water and Land Solutions, LLC",13,5825
"Water and Land Solutions, LLC",13,6699
"Water and Land Solutions, LLC",13,6542
"Water and Land Solutions, LLC",13,5829
"Water and Land Solutions, LLC",13,6603
"Jon Kasitz - First Pennsylvania Resource, LLC",12,6089
"Jon Kasitz - First Pennsylvania Resource, LLC",12,4606
"Jon Kasitz - First Pennsylvania Resource, LLC",12,5671
"Wildlands Holdings X, LLC",12,6502
"Wildlands Holdings X, LLC",12,6503
"Wildlands Holdings X, LLC",12,6676
"Wildlands Holdings X, LLC",12,6555
"Wildlands Holdings X, LLC",12,6554
"Wildlands Holdings X, LLC",12,6556
"Wildlands Holdings X, LLC",12,6557
"Wildlands Holdings X, LLC",12,6748
"Byrd Creek, LLC",11,612
"Byrd Creek, LLC",11,1730
"Byrd Creek, LLC",11,1937
"Byrd Creek, LLC",11,1731
"Byrd Creek, LLC",11,548
Department of Transportation - CA - District 11,11,2225
Department of Transportation - CA - District 11,11,2221
Department of Transportation - CA - District 11,11,2224
Department of Transportation - CA - District 11,11,1452
Department of Transportation - PA - District 9,11,1147
Department of Transportation - PA - District 9,11,1155
Department of Transportation - PA - District 9,11,1153
"Ecotone, LLC",11,5358
"Ecotone, LLC",11,6582
"Ecotone, LLC",11,4452
"Ecotone, LLC",11,6428
"Great Dismal Swamp RestorationBank, LLC",11,560
"Great Dismal Swamp RestorationBank, LLC",11,1991
"Great Dismal Swamp RestorationBank, LLC",11,1992
"Great Dismal Swamp RestorationBank, LLC",11,1063
"Great Dismal Swamp RestorationBank, LLC",11,572
"JMB Partnership, LLC",11,5826
"JMB Partnership, LLC",11,4640
"JMB Partnership, LLC",11,2215
"JMB Partnership, LLC",11,711
"JMB Partnership, LLC",11,6866
"JMB Partnership, LLC",11,6861
ND-DOT North Dakota Dept of Transportation,11,6394
ND-DOT North Dakota Dept of Transportation,11,6814
ND-DOT North Dakota Dept of Transportation,11,1354
ND-DOT North Dakota Dept of Transportation,11,3231
ND-DOT North Dakota Dept of Transportation,11,3508
ND-DOT North Dakota Dept of Transportation,11,3637
ND-DOT North Dakota Dept of Transportation,11,3072
ND-DOT North Dakota Dept of Transportation,11,6813
ND-DOT North Dakota Dept of Transportation,11,7323
ND-DOT North Dakota Dept of Transportation,11,6804
ND-DOT North Dakota Dept of Transportation,11,3230
North Carolina Division of Mitigation Services,11,7275
North Carolina Division of Mitigation Services,11,7276
North Carolina Division of Mitigation Services,11,7228
North Carolina Division of Mitigation Services,11,7229
North Carolina Division of Mitigation Services,11,7230
North Carolina Division of Mitigation Services,11,7278
North Carolina Division of Mitigation Services,11,7274
North Carolina Division of Mitigation Services,11,7277
"RES, LLC.",11,899
"RES, LLC.",11,4385
"RES, LLC.",11,6147
"RES, LLC.",11,4958
Alabama Department of Transportation,10,1756
Alabama Department of Transportation,10,1754
Alabama Department of Transportation,10,1199
Alabama Department of Transportation,10,1753
Alabama Department of Transportation,10,1757
Alabama Department of Transportation,10,1198
Bridgeport Mitigation LLC,10,7212
Clearwater Mitigation III LLC,10,7073
Clearwater Mitigation III LLC,10,6415
"Environmental Banc & Exchange, L.L.C.",10,1069
"Environmental Banc & Exchange, L.L.C.",10,2855
"Environmental Banc & Exchange, L.L.C.",10,2862
"Environmental Banc & Exchange, L.L.C.",10,2865
"Environmental Banc & Exchange, L.L.C.",10,1073
MD State Highway Administration,10,3181
MD State Highway Administration,10,4609
MD State Highway Administration,10,5385
MD State Highway Administration,10,5420
Minnesota Department of Transportation,10,2669
Minnesota Department of Transportation,10,1310
Minnesota Department of Transportation,10,4730
Minnesota Department of Transportation,10,2668
Minnesota Department of Transportation,10,1318
Minnesota Department of Transportation,10,2670
Minnesota Department of Transportation,10,1494
Mitigation Services Inc,10,1810
Mitigation Services Inc,10,1813
Mitigation Services Inc,10,1814
Mitigation Services Inc,10,635
Mitigation Services Inc,10,2166
Mitigation Services Inc,10,2825
Mitigation Services Inc,10,549
Montana Freshwater Partners (Formerly MARS),10,7206
Montana Freshwater Partners (Formerly MARS),10,4395
Montana Freshwater Partners (Formerly MARS),10,6636
Montana Freshwater Partners (Formerly MARS),10,5690
Montana Freshwater Partners (Formerly MARS),10,5950
Montana Freshwater Partners (Formerly MARS),10,5426
Montana Freshwater Partners (Formerly MARS),10,4612
Montana Freshwater Partners (Formerly MARS),10,5952
Montana Freshwater Partners (Formerly MARS),10,6239
Montana Freshwater Partners (Formerly MARS),10,4391
"San Diego, County of",10,2345
Stream +  Wetlands Foundation,10,923
Stream +  Wetlands Foundation,10,885
Stream +  Wetlands Foundation,10,6605
Stream +  Wetlands Foundation,10,5653
Stream +  Wetlands Foundation,10,891
Stream +  Wetlands Foundation,10,887
Stream +  Wetlands Foundation,10,909
"Wild-TX Lands, LLC",10,7241
"Wild-TX Lands, LLC",10,2990
"Wild-TX Lands, LLC",10,6790
"Wild-TX Lands, LLC",10,7111
"Wild-TX Lands, LLC",10,2510
"Wild-TX Lands, LLC",10,3006
"Wild-TX Lands, LLC",10,2726
"Wild-TX Lands, LLC",10,4822
"Wild-TX Lands, LLC",10,1195
